company_name,domain,industry,location,city,state,country,employee_count,estimated_revenue,website,first_name,last_name,job_title,email,phone,linkedin_url
Apex Cloud Technologies,apexcloud.io,B2B SaaS,"Austin, TX",Austin,Texas,USA,45,$8500000,https://apexcloud.io,Marcus,Vance,Founder & CEO,m.vance@apexcloud.io,+1-512-555-0142,https://linkedin.com/in/marcus-vance-apex
HealthPulse Systems,healthpulse.com,HealthTech,"Boston, MA",Boston,Massachusetts,USA,68,$11200000,https://healthpulse.com,Elena,Reyes,President & Co-Founder,elena.reyes@healthpulse.com,+1-617-555-0189,https://linkedin.com/in/elena-reyes-pulse
CyberShield Labs,cybershieldlabs.com,CyberSecurity,"Reston, VA",Reston,Virginia,USA,52,$9400000,https://cybershieldlabs.com,David,Kim,Chief Executive Officer,dkim@cybershieldlabs.com,+1-703-555-0114,https://linkedin.com/in/david-kim-shield
FinFlow Analytics,finflow.io,FinTech,"New York, NY",New York,New York,USA,38,$6800000,https://finflow.io,Rachel,Stern,Founder & Managing Partner,rachel@finflow.io,+1-212-555-0177,https://linkedin.com/in/rachel-stern-fin
LogiTrack Global,logitrack.com,Logistics Tech,"Chicago, IL",Chicago,Illinois,USA,82,$14500000,https://logitrack.com,Robert,Chen,Founder & CEO,rchen@logitrack.com,+1-312-555-0163,https://linkedin.com/in/robert-chen-logi
GovSecure Solutions,govsecure.tech,GovTech,"Arlington, VA",Arlington,Virginia,USA,40,$7200000,https://govsecure.tech,Thomas,Wright,Managing Director,twright@govsecure.tech,+1-571-555-0199,https://linkedin.com/in/thomas-wright-gov
CloudOps Sentinel,cloudops-sentinel.io,Cloud Software,"Seattle, WA",Seattle,Washington,USA,60,$10500000,https://cloudops-sentinel.io,Sarah,Alvarez,CEO & Co-Founder,sarah@cloudops-sentinel.io,+1-206-555-0131,https://linkedin.com/in/sarah-alvarez-ops
ComplianceEngine,complianceengine.com,Compliance & Legal Tech,"Denver, CO",Denver,Colorado,USA,34,$5900000,https://complianceengine.com,Julian,Ward,Founder,jward@complianceengine.com,+1-303-555-0125,https://linkedin.com/in/julian-ward-ce
OmniChannel SaaS,omnichannel.ai,B2B SaaS,"San Francisco, CA",San Francisco,California,USA,55,$12800000,https://omnichannel.ai,Priya,Patel,Chief Executive Officer,priya.patel@omnichannel.ai,+1-415-555-0192,https://linkedin.com/in/priya-patel-omni
DataMesh Solutions,datamesh.io,Enterprise Software,"Atlanta, GA",Atlanta,Georgia,USA,75,$13600000,https://datamesh.io,Michael,Thorne,Founder & President,mthorne@datamesh.io,+1-404-555-0184,https://linkedin.com/in/michael-thorne-data
SupplyCore Systems,supplycore.io,Supply Chain Tech,"Dallas, TX",Dallas,Texas,USA,48,$8900000,https://supplycore.io,Brandon,Hayes,CEO,brandon@supplycore.io,+1-214-555-0168,https://linkedin.com/in/brandon-hayes-sc
PropTech Vantage,proptechvantage.com,PropTech,"Miami, FL",Miami,Florida,USA,36,$6100000,https://proptechvantage.com,Lucia,Mendez,Managing Partner & Founder,lucia@proptechvantage.com,+1-305-555-0155,https://linkedin.com/in/lucia-mendez-pt
SecureVault Bio,securevault.bio,HealthTech,"San Diego, CA",San Diego,California,USA,42,$7800000,https://securevault.bio,Arthur,Pendleton,Chief Executive Officer,apendleton@securevault.bio,+1-619-555-0147,https://linkedin.com/in/arthur-pendleton-sv
SignalMetrics,signalmetrics.com,B2B SaaS,"Toronto, ON",Toronto,Ontario,Canada,50,$9200000,https://signalmetrics.com,Karen,MacDonald,Founder & CEO,karen@signalmetrics.com,+1-416-555-0138,https://linkedin.com/in/karen-macdonald-sm
Stratum Identity,stratumid.com,CyberSecurity,"Salt Lake City, UT",Salt Lake City,Utah,USA,30,$5400000,https://stratumid.com,Trevor,Blake,Founder,tblake@stratumid.com,+1-801-555-0122,https://linkedin.com/in/trevor-blake-stratum
Veloce Payments,velocepay.com,FinTech,"Charlotte, NC",Charlotte,North Carolina,USA,65,$11800000,https://velocepay.com,Diana,Rossi,President & Founder,drossi@velocepay.com,+1-704-555-0196,https://linkedin.com/in/diana-rossi-vp
Beacon Logistics AI,beaconlogistics.com,Logistics Tech,"Nashville, TN",Nashville,Tennessee,USA,44,$7900000,https://beaconlogistics.com,Keith,Morrison,CEO,keith@beaconlogistics.com,+1-615-555-0183,https://linkedin.com/in/keith-morrison-bl
MedixCloud,medixcloud.com,HealthTech,"Raleigh, NC",Raleigh,North Carolina,USA,58,$9900000,https://medixcloud.com,Annette,Gould,Founder & CEO,agould@medixcloud.com,+1-919-555-0112,https://linkedin.com/in/annette-gould-mc
CognitiveGrid,cognitivegrid.ai,Enterprise Software,"Phoenix, AZ",Phoenix,Arizona,USA,70,$12400000,https://cognitivegrid.ai,Warren,Hastings,President,whastings@cognitivegrid.ai,+1-602-555-0174,https://linkedin.com/in/warren-hastings-cg
InsightIQ Analytics,insightiq.io,B2B SaaS,"Minneapolis, MN",Minneapolis,Minnesota,USA,32,$5200000,https://insightiq.io,Chloe,Simmons,CEO & Co-Founder,chloe@insightiq.io,+1-612-555-0167,https://linkedin.com/in/chloe-simmons-iiq
Apex Cloud Technologies Inc.,apexcloud.io,B2B SaaS,"Austin, TX",Austin,Texas,USA,45,$8500000,https://apexcloud.io,Marcus,Vance,Founder & CEO,m.vance@apexcloud.io,+1-512-555-0142,https://linkedin.com/in/marcus-vance-apex
HealthPulse Systems LLC,https://healthpulse.com,HealthTech,"Boston, MA",Boston,Massachusetts,USA,70,$11500000,healthpulse.com,Elena,Reyes,President,elena.reyes@healthpulse.com,,https://linkedin.com/in/elena-reyes-pulse
NexGen Cyber Labs,nexgencyber.com,CyberSecurity,"Reston, VA",Reston,Virginia,USA,50,$9000000,http://nexgencyber.com,David,Kim,CEO,dkim@nexgencyber.com,+1-703-555-0114,https://linkedin.com/in/david-kim
NexGen Cyber Labs LLC,nexgencyber.com,CyberSecurity,"Reston, VA",Reston,Virginia,USA,50,$9000000,https://nexgencyber.com,David,Kim,CEO,dkim@nexgencyber.com,+1-703-555-0114,https://linkedin.com/in/david-kim
Catalyst Digital Agency,catalystdigital.agency,Digital Agency,"Portland, OR",Portland,Oregon,USA,28,$2800000,https://catalystdigital.agency,Nathan,Drake,Managing Partner,ndrake@catalystdigital.agency,,https://linkedin.com/in/nathan-drake-cd
Precision IT Managed Services,precisionit.net,Managed Services,"Columbus, OH",Columbus,Ohio,USA,35,$3200000,https://precisionit.net,Samuel,Oak,Director of Technology,soak@precisionit.net,+1-614-555-0144,https://linkedin.com/in/samuel-oak-pit
BlueSky Marketing Tech,blueskymartech.io,Marketing Tech,"Tampa, FL",Tampa,Florida,USA,22,$2400000,https://blueskymartech.io,Jessica,Beard,VP of Operations,jbeard@blueskymartech.io,,https://linkedin.com/in/jessica-beard-bs
Summit Data Consulting,summitdata.com,Data Services,"Indianapolis, IN",Indianapolis,Indiana,USA,18,$1900000,https://summitdata.com,Andrew,Falk,Partner,afalk@summitdata.com,+1-317-555-0133,https://linkedin.com/in/andrew-falk-sd
Edutech Horizons,edutechhorizons.com,EdTech,"Pittsburgh, PA",Pittsburgh,Pennsylvania,USA,45,$3500000,https://edutechhorizons.com,Laura,Brenner,General Manager,lbrenner@edutechhorizons.com,,https://linkedin.com/in/laura-brenner-eh
Nordic Telecom Services,nordictel.se,Telecom,"Stockholm, Sweden",Stockholm,,Sweden,85,$18500000,https://nordictel.se,Lars,Eriksson,Chief Operating Officer,lars@nordictel.se,+46-8-555-0191,https://linkedin.com/in/lars-eriksson-nt
Vanguard E-Commerce Enablers,vanguard-ecom.com,E-commerce,"Las Vegas, NV",Las Vegas,Nevada,USA,110,$22000000,https://vanguard-ecom.com,Raymond,Holt,VP Strategy,rholt@vanguard-ecom.com,,https://linkedin.com/in/raymond-holt-vg
Merit IT Staffing,meritstaffing.com,IT Services,"Kansas City, MO",Kansas City,Missouri,USA,15,$1800000,https://meritstaffing.com,Victoria,Chase,Managing Director,vchase@meritstaffing.com,+1-816-555-0158,https://linkedin.com/in/victoria-chase-ms
Silverline Hosting,silverlinehost.net,IT Services,"Milwaukee, WI",Milwaukee,Wisconsin,USA,19,$2100000,https://silverlinehost.net,Derek,Hale,Director,dhale@silverlinehost.net,,https://linkedin.com/in/derek-hale-sl
Kinetic Media Solutions,kineticmedia.co,Digital Agency,"Baltimore, MD",Baltimore,Maryland,USA,25,$2600000,https://kineticmedia.co,Angela,Martin,Partner,angela@kineticmedia.co,+1-410-555-0171,https://linkedin.com/in/angela-martin-km
Aura Creative Labs,auracreative.com,Digital Agency,"Providence, RI",Providence,Rhode Island,USA,12,$1400000,https://auracreative.com,Sean,O'Connor,Creative Director,sean@auracreative.com,,https://linkedin.com/in/sean-oconnor-ac
Triton Cloud Consulting,tritoncloud.org,Managed Services,"Calgary, AB",Calgary,Alberta,Canada,24,$2900000,https://tritoncloud.org,Heather,Sinclair,Principal,heather@tritoncloud.org,+1-403-555-0129,https://linkedin.com/in/heather-sinclair-tc
Vector Point Analytics,vectorpoint.io,Data Services,"Louisville, KY",Louisville,Kentucky,USA,16,$1700000,https://vectorpoint.io,Gary,Hobbs,Lead Analyst,ghobbs@vectorpoint.io,,https://linkedin.com/in/gary-hobbs-vp
PrimeSource Telecom,primesourcettel.com,Telecom,"San Antonio, TX",San Antonio,Texas,USA,120,$26000000,https://primesourcettel.com,Denise,Lawson,VP Sales,denise@primesourcettel.com,+1-210-555-0164,https://linkedin.com/in/denise-lawson-ps
Nexus Web Studio,nexuswebstudio.com,Digital Agency,"Boise, ID",Boise,Idaho,USA,14,$1500000,https://nexuswebstudio.com,Brian,Quinn,Owner,bquinn@nexuswebstudio.com,,https://linkedin.com/in/brian-quinn-nw
Optima IT Solutions,optimait.us,IT Services,"Omaha, NE",Omaha,Nebraska,USA,29,$3100000,https://optimait.us,Craig,Ferguson,Director of IT,craig@optimait.us,+1-402-555-0182,https://linkedin.com/in/craig-ferguson-opt
Bob's General Contracting,,Construction,"Tulsa, OK",Tulsa,Oklahoma,USA,4,$450000,,Bob,Miller,Owner,bob@bobscontracting.biz,,
Sunrise Family Diner,sunrisediner.net,Restaurant,"Scranton, PA",Scranton,Pennsylvania,USA,8,$380000,https://sunrisediner.net,Frank,Reynolds,Proprietor,frankie@diner,,
Precision Lawn Care,,Landscaping,"Peoria, IL",Peoria,Illinois,USA,3,$180000,,Jimmy,McGill,Owner,,,
Valley Auto Repair,valleyautorepair.com,Automotive,"Fresno, CA",Fresno,California,USA,6,$620000,https://valleyautorepair.com,Walter,White,Manager,walter@valleyauto.com,,
Main Street Bakery,,Retail,"Cedar Rapids, IA",Cedar Rapids,Iowa,USA,5,$290000,,Clara,Oswald,Baker,,,
Harbor View Antiques,harborviewantiques.com,Retail,"Newport, RI",Newport,Rhode Island,USA,2,$140000,https://harborviewantiques.com,Harold,Finch,Owner,harold@antiques.org,,
Apex Global MegaCorp,megacorp-global.com,Conglomerate,"New York, NY",New York,New York,USA,5500,$650000000,https://megacorp-global.com,Cynthia,Sterling,Chief Legal Counsel,cynthia@megacorp.com,+1-212-555-0100,https://linkedin.com/in/cynthia-sterling
Titan Industrial Fabricators,titanindustrial.com,Heavy Manufacturing,"Cleveland, OH",Cleveland,Ohio,USA,850,$120000000,https://titanindustrial.com,Gordon,Cole,VP Purchasing,gordon@titanindustrial.com,+1-216-555-0145,https://linkedin.com/in/gordon-cole-ti
Rapid Courier Services,,Transportation,"Little Rock, AR",Little Rock,Arkansas,USA,7,$510000,,Jesse,Pinkman,Driver,,,
Downtown Barber Lounge,downtownbarbers.com,Personal Services,"Savannah, GA",Savannah,Georgia,USA,4,$210000,https://downtownbarbers.com,Tony,Soprano,Owner,tony@barber.net,,
Lone Star Plumbing,,Plumbing,"Lubbock, TX",Lubbock,Texas,USA,5,$420000,,Hank,Schrader,Supervisor,,,
Highland Cleaners,,Dry Cleaning,"Albuquerque, NM",Albuquerque,New Mexico,USA,3,$190000,,Gus,Fring,Owner,,,
Quality Roofing Pros,qualityroofingpros.biz,Roofing,"Wichita, KS",Wichita,Kansas,USA,9,$750000,https://qualityroofingpros.biz,Saul,Goodman,Partner,saul@bettercallsaul.com,,
Cityside Yoga Studio,citysideyoga.com,Fitness,"Eugene, OR",Eugene,Oregon,USA,4,$160000,https://citysideyoga.com,Gemma,Simmons,Instructor,,,
Lakeside Cabin Rentals,,Hospitality,"Duluth, MN",Duluth,Minnesota,USA,3,$240000,,Dale,Cooper,Operator,,,
Cornerstone Dental Care,cornerstonedental.org,Dental Practice,"Spokane, WA",Spokane,Washington,USA,6,$850000,https://cornerstonedental.org,Jack,Shephard,Dentist,drjack@cornerstonedental.org,,
Swift Tile & Flooring,,Contractor,"Reno, NV",Reno,Nevada,USA,4,$340000,,John,Locke,Foreman,,,
Breezeway HVAC Repair,breezewayhvac.com,HVAC,"Greensboro, NC",Greensboro,North Carolina,USA,8,$920000,https://breezewayhvac.com,Ben,Linus,Technician,ben@breezewayhvac.com,,
Pinnacle Pet Grooming,,Pet Services,"Bakersfield, CA",Bakersfield,California,USA,3,$130000,,Hugo,Reyes,Owner,,,
GreenTree Florist,greentreeflorist.net,Floral,"Fort Wayne, IN",Fort Wayne,Indiana,USA,4,$220000,https://greentreeflorist.net,Rose,Tyler,Owner,rose@greentreeflorist.net,,
,unknown-domain.com,B2B SaaS,"Austin, TX",Austin,Texas,USA,30,$4000000,https://unknown-domain.com,Jane,Doe,CEO,jane@unknown.com,+1-512-555-0999,
MissingName Technologies,missingname.io,Enterprise Software,"Seattle, WA",Seattle,Washington,USA,40,$6000000,https://missingname.io,,,,invalid-email-address,,
Aegis Cyber Defense,aegisdefense.io,CyberSecurity,"Tysons, VA",Tysons,Virginia,USA,46,$8100000,https://aegisdefense.io,Alexander,Cross,Founder & CEO,across@aegisdefense.io,+1-703-555-0188,https://linkedin.com/in/alexander-cross-aegis
BioVerve Health AI,bioverve.com,HealthTech,"Cambridge, MA",Cambridge,Massachusetts,USA,62,$10800000,https://bioverve.com,Stephanie,Ngo,President & Founder,sngo@bioverve.com,+1-617-555-0153,https://linkedin.com/in/stephanie-ngo-bv
PayMatrix Global,paymatrix.io,FinTech,"Miami, FL",Miami,Florida,USA,53,$8900000,https://paymatrix.io,Carlos,Santana,CEO & Co-Founder,csantana@paymatrix.io,+1-305-555-0137,https://linkedin.com/in/carlos-santana-pm
ScaleBridge Logistics,scalebridge.com,Logistics Tech,"Cincinnati, OH",Cincinnati,Ohio,USA,72,$13200000,https://scalebridge.com,William,Burke,Founder & CEO,wburke@scalebridge.com,+1-513-555-0165,https://linkedin.com/in/william-burke-sb
CivicPoint GovTech,civicpoint.tech,GovTech,"Washington, DC",Washington,,USA,38,$6400000,https://civicpoint.tech,Amanda,Holloway,Managing Partner,aholloway@civicpoint.tech,+1-202-555-0128,https://linkedin.com/in/amanda-holloway-cp
QuantEdge Systems,quantedge.ai,B2B SaaS,"San Jose, CA",San Jose,California,USA,49,$9600000,https://quantedge.ai,Vikram,Malhotra,Founder & President,vmalhotra@quantedge.ai,+1-408-555-0176,https://linkedin.com/in/vikram-malhotra-qe
EchoCloud Compliance,echocloud.io,Compliance & Legal Tech,"Denver, CO",Denver,Colorado,USA,41,$7100000,https://echocloud.io,Teresa,Dunn,Chief Executive Officer,tdunn@echocloud.io,+1-303-555-0143,https://linkedin.com/in/teresa-dunn-ec
CloudPeak Systems,cloudpeak.io,B2B SaaS,"Austin, TX",Austin,Texas,USA,44,$8200000,https://cloudpeak.io,Nathaniel,Cole,Founder & CEO,ncole@cloudpeak.io,+1-512-555-0198,https://linkedin.com/in/nathaniel-cole-cp
